<?xml version="1.0" encoding="utf-8"?>
<feed xmlns="http://www.w3.org/2005/Atom">
  <title>Annabel</title>
  
  <subtitle>Happy Birthday</subtitle>
  <link href="/atom.xml" rel="self"/>
  
  <link href="https://blog.psyannabel.cn/"/>
  <updated>2020-07-11T02:13:50.665Z</updated>
  <id>https://blog.psyannabel.cn/</id>
  
  <author>
    <name>Annabel</name>
    
  </author>
  
  <generator uri="http://hexo.io/">Hexo</generator>
  
  <entry>
    <title>再逢感恩节</title>
    <link href="https://blog.psyannabel.cn/1542786910.html"/>
    <id>https://blog.psyannabel.cn/1542786910.html</id>
    <published>2018-11-21T07:55:10.000Z</published>
    <updated>2020-07-11T02:13:50.665Z</updated>
    
    <summary type="html">
    
      &lt;p&gt;遇己遇彼&lt;br&gt;
    
    </summary>
    
    
      <category term="生活" scheme="https://blog.psyannabel.cn/tags/%E7%94%9F%E6%B4%BB/"/>
    
  </entry>
  
  <entry>
    <title>踩坑笔记</title>
    <link href="https://blog.psyannabel.cn/1541212520.html"/>
    <id>https://blog.psyannabel.cn/1541212520.html</id>
    <published>2018-11-03T02:35:20.000Z</published>
    <updated>2020-07-11T02:13:50.673Z</updated>
    
    <summary type="html">
    
      &lt;hr&gt;
&lt;p&gt;简要的一些笔记。&lt;br&gt;
    
    </summary>
    
    
      <category term="笔记" scheme="https://blog.psyannabel.cn/tags/%E7%AC%94%E8%AE%B0/"/>
    
  </entry>
  
  <entry>
    <title>台风闲暇</title>
    <link href="https://blog.psyannabel.cn/1537099973.html"/>
    <id>https://blog.psyannabel.cn/1537099973.html</id>
    <published>2018-09-16T12:12:53.000Z</published>
    <updated>2020-07-11T02:13:50.666Z</updated>
    
    <summary type="html">
    
      &lt;p&gt;记“台竹”。&lt;/p&gt;
    
    </summary>
    
    
      <category term="杂谈" scheme="https://blog.psyannabel.cn/tags/%E6%9D%82%E8%B0%88/"/>
    
  </entry>
  
  <entry>
    <title>Ubuntu安装Opencv编译问题</title>
    <link href="https://blog.psyannabel.cn/1536567288.html"/>
    <id>https://blog.psyannabel.cn/1536567288.html</id>
    <published>2018-09-10T08:14:48.000Z</published>
    <updated>2020-07-11T02:13:50.663Z</updated>
    
    <summary type="html">
    
      &lt;p&gt;Ubuntu18.04 + Opencv3.4.3&lt;/p&gt;
    
    </summary>
    
    
  </entry>
  
  <entry>
    <title>矛盾时</title>
    <link href="https://blog.psyannabel.cn/1528254160.html"/>
    <id>https://blog.psyannabel.cn/1528254160.html</id>
    <published>2018-06-06T03:02:40.000Z</published>
    <updated>2020-07-11T02:13:50.668Z</updated>
    
    <summary type="html">
    
      &lt;p&gt;想念湛江的暴风雨&lt;br&gt;
    
    </summary>
    
    
  </entry>
  
  <entry>
    <title>认知心理的注意干扰的机制笔记</title>
    <link href="https://blog.psyannabel.cn/1527400305.html"/>
    <id>https://blog.psyannabel.cn/1527400305.html</id>
    <published>2018-05-27T05:51:45.000Z</published>
    <updated>2020-07-11T02:13:50.672Z</updated>
    
    <summary type="html">
    
      &lt;p&gt;在《决策与判断》当中，有许多实验证实了认知上的误判和信息不匹配导致决策的非理性。而在实际的工作中，也会因为许多认知上的失误而导致很多不良的后果。&lt;/p&gt;
    
    </summary>
    
    
      <category term="心理" scheme="https://blog.psyannabel.cn/tags/%E5%BF%83%E7%90%86/"/>
    
      <category term="笔记" scheme="https://blog.psyannabel.cn/tags/%E7%AC%94%E8%AE%B0/"/>
    
  </entry>
  
  <entry>
    <title>知觉学习的特性探讨</title>
    <link href="https://blog.psyannabel.cn/1526147210.html"/>
    <id>https://blog.psyannabel.cn/1526147210.html</id>
    <published>2018-05-12T17:46:50.000Z</published>
    <updated>2020-07-11T02:13:50.670Z</updated>
    
    <summary type="html">
    
      &lt;p&gt;知觉学习是指对刺激进行训练或经验后，在对该刺激的知觉上产生的任何相对长期稳定的改变，知觉学习时内隐学习的一种重要形式。&lt;/p&gt;
    
    </summary>
    
    
      <category term="心理" scheme="https://blog.psyannabel.cn/tags/%E5%BF%83%E7%90%86/"/>
    
      <category term="神经科学" scheme="https://blog.psyannabel.cn/tags/%E7%A5%9E%E7%BB%8F%E7%A7%91%E5%AD%A6/"/>
    
      <category term="笔记" scheme="https://blog.psyannabel.cn/tags/%E7%AC%94%E8%AE%B0/"/>
    
  </entry>
  
  <entry>
    <title>初夏</title>
    <link href="https://blog.psyannabel.cn/1525162139.html"/>
    <id>https://blog.psyannabel.cn/1525162139.html</id>
    <published>2018-05-01T08:08:59.000Z</published>
    <updated>2020-07-11T02:13:50.666Z</updated>
    
    <summary type="html">
    
      &lt;p&gt;一个带着暖意的初夏。&lt;br&gt;
    
    </summary>
    
    
  </entry>
  
  <entry>
    <title>拥抱自己，需要多少条件</title>
    <link href="https://blog.psyannabel.cn/1524937532.html"/>
    <id>https://blog.psyannabel.cn/1524937532.html</id>
    <published>2018-04-28T17:45:32.000Z</published>
    <updated>2020-07-11T02:13:50.667Z</updated>
    
    <summary type="html">
    
      &lt;p&gt;永远相信自己的双手，相信自己的心灵。&lt;/p&gt;
    
    </summary>
    
    
      <category term="心理" scheme="https://blog.psyannabel.cn/tags/%E5%BF%83%E7%90%86/"/>
    
  </entry>
  
  <entry>
    <title>试问闲愁都几许</title>
    <link href="https://blog.psyannabel.cn/1524159736.html"/>
    <id>https://blog.psyannabel.cn/1524159736.html</id>
    <published>2018-04-19T17:42:16.000Z</published>
    <updated>2020-07-11T02:13:50.672Z</updated>
    
    <summary type="html">
    
      &lt;p&gt;你了解自己的情绪如何调节吗？&lt;/p&gt;
    
    </summary>
    
    
      <category term="心理" scheme="https://blog.psyannabel.cn/tags/%E5%BF%83%E7%90%86/"/>
    
  </entry>
  
  <entry>
    <title>想象和常见的烟云</title>
    <link href="https://blog.psyannabel.cn/1523512582.html"/>
    <id>https://blog.psyannabel.cn/1523512582.html</id>
    <published>2018-04-12T05:56:22.000Z</published>
    <updated>2020-07-11T02:13:50.667Z</updated>
    
    <summary type="html">
    
      &lt;p&gt;你的想象力也许和现实生活差了一截，总想要挣脱日常而去冒险，换一种方式去体验。&lt;br&gt;
    
    </summary>
    
    
      <category term="杂谈" scheme="https://blog.psyannabel.cn/tags/%E6%9D%82%E8%B0%88/"/>
    
  </entry>
  
  <entry>
    <title>经历过后的创伤可否和解</title>
    <link href="https://blog.psyannabel.cn/1522863451.html"/>
    <id>https://blog.psyannabel.cn/1522863451.html</id>
    <published>2018-04-04T17:37:31.000Z</published>
    <updated>2020-07-11T02:13:50.671Z</updated>
    
    <summary type="html">
    
      &lt;p&gt;足有偌大的勇气，可以让自己重生时……&lt;/p&gt;
    
    </summary>
    
    
      <category term="心理" scheme="https://blog.psyannabel.cn/tags/%E5%BF%83%E7%90%86/"/>
    
  </entry>
  
  <entry>
    <title>你在恋爱中成熟吗</title>
    <link href="https://blog.psyannabel.cn/1522258468.html"/>
    <id>https://blog.psyannabel.cn/1522258468.html</id>
    <published>2018-03-28T17:34:28.000Z</published>
    <updated>2020-07-11T02:13:50.665Z</updated>
    
    <summary type="html">
    
      &lt;p&gt;你更不经意在卑微的地面，&lt;br&gt;有一流涧水，虽则你的明艳&lt;br&gt;在过路时点染了他的空灵，&lt;br&gt;使他惊醒，将你的倩影抱紧。&lt;/p&gt;
    
    </summary>
    
    
      <category term="心理" scheme="https://blog.psyannabel.cn/tags/%E5%BF%83%E7%90%86/"/>
    
  </entry>
  
  <entry>
    <title>那些恋爱的小事</title>
    <link href="https://blog.psyannabel.cn/1521826255.html"/>
    <id>https://blog.psyannabel.cn/1521826255.html</id>
    <published>2018-03-23T17:30:55.000Z</published>
    <updated>2020-07-11T02:13:50.675Z</updated>
    
    <summary type="html">
    
      &lt;p&gt;爱情，是约会时的甜蜜，还是平淡生活里不离不弃的守护。&lt;/p&gt;
    
    </summary>
    
    
      <category term="心理" scheme="https://blog.psyannabel.cn/tags/%E5%BF%83%E7%90%86/"/>
    
  </entry>
  
  <entry>
    <title>谈起情绪记忆……</title>
    <link href="https://blog.psyannabel.cn/1521307719.html"/>
    <id>https://blog.psyannabel.cn/1521307719.html</id>
    <published>2018-03-17T17:28:39.000Z</published>
    <updated>2020-07-11T02:13:50.673Z</updated>
    
    <summary type="html">
    
      &lt;p&gt;属于你的让你触动心弦的记忆，让你与他人不同&lt;/p&gt;
    
    </summary>
    
    
      <category term="心理" scheme="https://blog.psyannabel.cn/tags/%E5%BF%83%E7%90%86/"/>
    
  </entry>
  
  <entry>
    <title>抑郁从何说起</title>
    <link href="https://blog.psyannabel.cn/1520529856.html"/>
    <id>https://blog.psyannabel.cn/1520529856.html</id>
    <published>2018-03-08T17:24:16.000Z</published>
    <updated>2020-07-11T02:13:50.667Z</updated>
    
    <summary type="html">
    
      &lt;p&gt;抑郁期间，你如何看待自己的情绪来源？&lt;/p&gt;
    
    </summary>
    
    
      <category term="心理" scheme="https://blog.psyannabel.cn/tags/%E5%BF%83%E7%90%86/"/>
    
  </entry>
  
  <entry>
    <title>沙盘游戏可以给我们带来什么</title>
    <link href="https://blog.psyannabel.cn/1519837768.html"/>
    <id>https://blog.psyannabel.cn/1519837768.html</id>
    <published>2018-02-28T17:09:28.000Z</published>
    <updated>2020-07-11T02:13:50.668Z</updated>
    
    <summary type="html">
    
      &lt;p&gt;沙盘游戏，一种可以创造自己空间的体验方式。&lt;br&gt;
    
    </summary>
    
    
      <category term="心理" scheme="https://blog.psyannabel.cn/tags/%E5%BF%83%E7%90%86/"/>
    
  </entry>
  
  <entry>
    <title>浅谈抑郁</title>
    <link href="https://blog.psyannabel.cn/1519724890.html"/>
    <id>https://blog.psyannabel.cn/1519724890.html</id>
    <published>2018-02-27T09:48:10.000Z</published>
    <updated>2020-07-11T02:13:50.669Z</updated>
    
    <summary type="html">
    
      &lt;p&gt;说起抑郁，这是共同的另一片天空。&lt;br&gt;
    
    </summary>
    
    
      <category term="心理" scheme="https://blog.psyannabel.cn/tags/%E5%BF%83%E7%90%86/"/>
    
  </entry>
  
  <entry>
    <title>自动化运维第三方库（一）</title>
    <link href="https://blog.psyannabel.cn/1519177190.html"/>
    <id>https://blog.psyannabel.cn/1519177190.html</id>
    <published>2018-02-21T01:39:50.000Z</published>
    <updated>2020-07-11T02:13:50.671Z</updated>
    
    <summary type="html">
    
      &lt;p&gt;关于Python自动化运维的模块总结（一）&lt;br&gt;
    
    </summary>
    
    
      <category term="Python" scheme="https://blog.psyannabel.cn/tags/Python/"/>
    
  </entry>
  
  <entry>
    <title>Python批量处理中文文本并解析关键词</title>
    <link href="https://blog.psyannabel.cn/1518136467.html"/>
    <id>https://blog.psyannabel.cn/1518136467.html</id>
    <published>2018-02-09T00:34:27.000Z</published>
    <updated>2020-07-11T02:13:50.663Z</updated>
    
    <summary type="html">
    
      &lt;p&gt;介绍几个处理文本的模块。&lt;br&gt;
    
    </summary>
    
    
      <category term="Python" scheme="https://blog.psyannabel.cn/tags/Python/"/>
    
      <category term="数据处理" scheme="https://blog.psyannabel.cn/tags/%E6%95%B0%E6%8D%AE%E5%A4%84%E7%90%86/"/>
    
  </entry>
  
</feed>
